City_ID,City,Country,Date,Lat,Lng,Max Temp,Humidity,Cloudiness,Wind Speed,Current Description
0,Saint-Philippe,RE,2022-09-03 01:56:55,-21.3585,55.7679,63.99,83,40,9.42,light rain
1,Mtimbira,TZ,2022-09-03 01:56:55,-8.7833,36.35,62.92,61,4,1.88,clear sky
2,Hobart,AU,2022-09-03 01:56:56,-42.8794,147.3294,57.06,59,75,4.61,broken clouds
3,Digkilaan,PH,2022-09-03 01:56:56,8.2511,124.3172,82.65,65,100,3.85,overcast clouds
4,Jamestown,US,2022-09-03 01:56:56,42.097,-79.2353,72.72,59,100,4.0,overcast clouds
5,Nikolskoye,RU,2022-09-03 01:56:57,59.7035,30.7861,45.88,85,90,5.82,overcast clouds
6,Mulanje,MW,2022-09-03 01:56:57,-16.0316,35.5,57.9,84,99,3.11,overcast clouds
7,Vaini,TO,2022-09-03 01:56:57,-21.2,-175.2,75.36,78,20,12.66,few clouds
8,New Norfolk,AU,2022-09-03 01:56:58,-42.7826,147.0587,56.71,60,28,1.01,scattered clouds
9,Ancud,CL,2022-09-03 01:56:58,-41.8697,-73.8203,46.22,87,1,2.48,clear sky
10,Itoman,JP,2022-09-03 01:56:58,26.1247,127.6694,81.37,92,75,27.63,light intensity shower rain
11,Hermanus,ZA,2022-09-03 01:56:59,-34.4187,19.2345,53.91,74,31,11.48,scattered clouds
12,Cape Town,ZA,2022-09-03 01:53:34,-33.9258,18.4232,56.12,80,75,16.11,broken clouds
13,Thompson,CA,2022-09-03 01:56:59,55.7435,-97.8558,50.16,71,75,5.75,broken clouds
14,Saskylakh,RU,2022-09-03 01:57:00,71.9167,114.0833,37.81,84,100,10.96,overcast clouds
15,Provideniya,RU,2022-09-03 01:57:00,64.3833,-173.3,50.02,61,12,3.89,few clouds
16,Ushuaia,AR,2022-09-03 01:57:00,-54.8,-68.3,38.86,93,75,4.61,broken clouds
17,Yovon,TJ,2022-09-03 01:57:00,38.3141,69.0378,64.08,16,0,4.03,clear sky
18,Kapaa,US,2022-09-03 01:57:01,22.0752,-159.319,83.48,67,7,7.0,clear sky
19,Mareeba,AU,2022-09-03 01:57:01,-17.0,145.4333,78.48,52,30,5.32,scattered clouds
20,Uruzgan,AF,2022-09-03 01:57:01,32.8333,66.0,71.6,16,0,3.69,clear sky
21,Punta Arenas,CL,2022-09-03 01:55:27,-53.15,-70.9167,41.11,87,75,18.41,broken clouds
22,Lebu,CL,2022-09-03 01:57:02,-37.6167,-73.65,48.67,88,1,16.87,clear sky
23,Bluff,NZ,2022-09-03 01:57:02,-46.6,168.3333,46.44,66,84,28.05,light rain
24,Port Elizabeth,ZA,2022-09-03 01:57:02,-33.918,25.5701,52.32,92,0,3.44,clear sky
25,Albany,US,2022-09-03 01:57:03,42.6001,-73.9662,64.45,72,73,2.3,broken clouds
26,Ilulissat,GL,2022-09-03 01:54:59,69.2167,-51.1,41.63,100,100,5.14,moderate rain
27,Tura,IN,2022-09-03 01:52:06,25.5198,90.2201,76.57,90,70,7.23,light rain
28,Pemberton,CA,2022-09-03 01:57:03,50.3164,-122.8027,83.05,30,0,5.1,clear sky
29,Mutum,BR,2022-09-03 01:57:03,-19.8,-41.4383,60.96,82,0,2.73,clear sky
30,Kuna,US,2022-09-03 01:57:04,43.4918,-116.4201,92.68,23,0,0.0,clear sky
31,Hilo,US,2022-09-03 01:57:04,19.7297,-155.09,87.28,84,3,3.0,clear sky
32,Westport,US,2022-09-03 01:56:04,41.1415,-73.3579,69.91,66,62,4.0,broken clouds
33,Chokurdakh,RU,2022-09-03 01:57:04,70.6333,147.9167,38.25,62,100,11.01,overcast clouds
34,Bethel,US,2022-09-03 01:57:05,41.3712,-73.414,67.57,72,60,3.04,broken clouds
35,Kyra,RU,2022-09-03 01:57:05,49.5776,111.9753,63.52,65,77,3.51,broken clouds
36,Arraial Do Cabo,BR,2022-09-03 01:56:53,-22.9661,-42.0278,68.83,81,0,25.77,clear sky
37,Hailar,CN,2022-09-03 01:57:05,49.2,119.7,74.8,31,100,6.64,overcast clouds
38,Sayyan,YE,2022-09-03 01:57:06,15.1718,44.3244,61.86,49,5,8.39,clear sky
39,Palmer,US,2022-09-03 01:57:06,42.1584,-72.3287,63.55,77,32,3.38,scattered clouds
40,Tuktoyaktuk,CA,2022-09-03 01:57:06,69.4541,-133.0374,62.6,72,40,5.75,scattered clouds
41,Mujiayingzi,CN,2022-09-03 01:58:07,42.1167,118.7833,76.33,25,92,2.86,overcast clouds
42,Salalah,OM,2022-09-03 01:58:07,17.0151,54.0924,76.41,84,88,6.33,overcast clouds
43,Manjacaze,MZ,2022-09-03 01:58:08,-24.7117,33.8828,54.12,81,0,6.11,clear sky
44,Barrow,US,2022-09-03 01:58:08,71.2906,-156.7887,37.71,86,94,7.07,overcast clouds
45,Yellowknife,CA,2022-09-03 01:58:08,62.456,-114.3525,63.12,59,75,4.61,broken clouds
46,Fairbanks,US,2022-09-03 01:56:18,64.8378,-147.7164,63.61,58,100,4.16,overcast clouds
47,Mataura,NZ,2022-09-03 01:58:08,-46.1927,168.8643,41.86,95,100,10.96,overcast clouds
48,Rawson,AR,2022-09-03 01:58:09,-43.3002,-65.1023,55.8,44,0,10.78,clear sky
49,Leningradskiy,RU,2022-09-03 01:58:09,69.3833,178.4167,37.63,83,100,6.73,light rain
50,Severodvinsk,RU,2022-09-03 01:58:09,64.5635,39.8302,44.71,90,100,6.87,overcast clouds
51,Laguna,US,2022-09-03 01:58:09,38.421,-121.4238,104.4,26,0,1.99,clear sky
52,Menongue,AO,2022-09-03 01:58:10,-14.6585,17.691,51.66,42,0,4.21,clear sky
53,Georgetown,MY,2022-09-03 01:57:03,5.4112,100.3354,82.33,88,20,3.44,few clouds
54,Jumla,NP,2022-09-03 01:58:10,29.2747,82.1838,64.51,84,34,2.26,scattered clouds
55,Bella Union,UY,2022-09-03 01:58:10,-30.2752,-57.6007,49.15,80,0,10.04,clear sky
56,Heihe,CN,2022-09-03 01:58:11,50.2441,127.4902,72.18,46,80,7.54,broken clouds
57,Busselton,AU,2022-09-03 01:58:11,-33.65,115.3333,55.11,81,100,17.49,overcast clouds
58,Inhambane,MZ,2022-09-03 01:58:12,-23.865,35.3833,62.65,71,0,4.61,clear sky
59,Khatanga,RU,2022-09-03 01:58:13,71.9667,102.5,38.77,67,100,4.52,overcast clouds
60,Roma,US,2022-09-03 01:58:13,43.2128,-75.4557,67.87,80,98,5.68,overcast clouds
61,Pobe,BJ,2022-09-03 01:58:13,6.9801,2.6649,71.29,96,99,2.53,light rain
62,Tiksi,RU,2022-09-03 01:58:14,71.6872,128.8694,38.82,80,100,14.16,overcast clouds
63,Birin,NP,2022-09-03 01:58:14,26.8865,88.0718,65.97,94,96,2.26,overcast clouds
64,Rikitea,PF,2022-09-03 01:58:14,-23.1203,-134.9692,70.34,68,77,20.65,broken clouds
65,Lompoc,US,2022-09-03 01:57:43,34.6391,-120.4579,91.54,74,1,1.99,clear sky
66,Bandarbeyla,SO,2022-09-03 01:58:15,9.4942,50.8122,75.92,74,72,20.24,broken clouds
67,Cockburn Town,TC,2022-09-03 01:58:15,21.4612,-71.1419,82.36,74,40,10.36,scattered clouds
68,Mar Del Plata,AR,2022-09-03 01:58:15,-38.0023,-57.5575,43.88,78,0,3.44,mist
69,Pachino,IT,2022-09-03 01:58:16,36.7186,15.0907,77.67,76,43,6.46,scattered clouds
70,Avarua,CK,2022-09-03 01:58:16,-21.2078,-159.775,78.85,78,75,9.22,broken clouds
71,Caravelas,BR,2022-09-03 01:58:16,-17.7125,-39.2481,67.93,78,14,5.97,few clouds
72,Husavik,IS,2022-09-03 01:58:16,66.0449,-17.3389,50.43,88,19,6.29,few clouds
73,Komsomolskiy,UZ,2022-09-03 01:58:17,40.4272,71.7189,70.52,32,0,9.22,clear sky
74,Lavrentiya,RU,2022-09-03 01:58:17,65.5833,-171.0,44.42,75,56,2.71,broken clouds
75,Port Alfred,ZA,2022-09-03 01:58:18,-33.5906,26.891,60.17,78,100,12.01,overcast clouds
76,Cariati,IT,2022-09-03 01:58:19,39.4922,16.9594,72.25,72,0,3.15,clear sky
77,Helong,CN,2022-09-03 01:58:19,42.5397,128.9972,75.43,46,0,3.15,clear sky
78,Butaritari,KI,2022-09-03 01:58:19,3.0707,172.7902,81.99,73,6,15.88,clear sky
79,Katsuura,JP,2022-09-03 01:58:20,35.1333,140.3,80.78,77,74,11.86,broken clouds
80,Alekseyevsk,RU,2022-09-03 01:58:20,57.8406,108.3492,45.21,69,100,8.32,overcast clouds
81,Bambous Virieux,MU,2022-09-03 01:58:20,-20.3428,57.7575,66.45,82,20,3.44,few clouds
82,Dikson,RU,2022-09-03 01:58:20,73.5069,80.5464,41.85,78,96,7.52,overcast clouds
83,Qaanaaq,GL,2022-09-03 01:58:21,77.484,-69.3632,38.14,98,100,5.32,moderate rain
84,Acapulco,MX,2022-09-03 01:58:21,16.8634,-99.8901,84.02,84,100,8.05,thunderstorm
85,Saint Anthony,US,2022-09-03 01:59:22,45.0205,-93.218,79.54,59,5,5.99,clear sky
86,Bredasdorp,ZA,2022-09-03 01:59:23,-34.5322,20.0403,48.47,81,5,6.38,clear sky
87,Jishou,CN,2022-09-03 01:59:23,28.3167,109.7167,76.8,56,97,1.88,overcast clouds
88,Taunsa,PK,2022-09-03 01:59:23,30.7048,70.6505,86.72,56,0,3.02,clear sky
89,Egvekinot,RU,2022-09-03 01:59:24,66.3167,-179.1667,40.44,71,100,5.86,overcast clouds
90,Tautira,PF,2022-09-03 01:59:24,-17.7333,-149.15,77.58,73,13,18.79,few clouds
91,Clyde River,CA,2022-09-03 01:59:24,70.4692,-68.5914,39.43,93,20,6.91,few clouds
92,Faya,SA,2022-09-03 01:59:25,18.3851,42.4509,64.92,41,21,4.76,few clouds
93,Codrington,AU,2022-09-03 01:59:25,-38.2667,141.9667,54.46,74,50,14.07,scattered clouds
94,Karratha,AU,2022-09-03 01:59:25,-20.7377,116.8463,71.22,77,100,11.68,overcast clouds
95,Sitka,US,2022-09-03 01:54:29,57.0531,-135.33,58.39,89,100,11.52,moderate rain
96,Sao Borja,BR,2022-09-03 01:59:25,-28.6606,-56.0044,54.95,79,0,11.05,clear sky
97,Namibe,AO,2022-09-03 01:59:26,-15.1961,12.1522,62.24,90,47,4.41,scattered clouds
98,Port Hardy,CA,2022-09-03 01:59:26,50.6996,-127.4199,66.38,77,75,6.91,broken clouds
99,Nalut,LY,2022-09-03 01:59:26,30.3333,10.85,83.55,25,0,13.73,clear sky
100,Jiuquan,CN,2022-09-03 01:59:27,39.7432,98.5174,72.57,21,52,15.41,broken clouds
101,Pafos,CY,2022-09-03 01:59:27,34.7667,32.4167,74.98,73,0,5.75,clear sky
102,Chuy,UY,2022-09-03 01:59:27,-33.6971,-53.4616,47.59,73,87,13.33,overcast clouds
103,Beisfjord,NO,2022-09-03 01:59:29,68.3751,17.5988,46.04,76,7,4.27,clear sky
104,Dickinson,US,2022-09-03 01:59:29,29.4608,-95.0513,85.98,83,100,1.99,overcast clouds
105,Airai,TL,2022-09-03 01:59:29,-8.9266,125.4092,76.48,41,0,4.61,clear sky
106,Korla,CN,2022-09-03 01:59:29,41.7597,86.1469,74.12,31,4,1.79,clear sky
107,Beringovskiy,RU,2022-09-03 01:59:30,63.05,179.3167,53.83,55,98,7.92,overcast clouds
108,Nome,US,2022-09-03 01:59:16,64.5011,-165.4064,57.16,86,95,4.76,overcast clouds
109,Bergerac,FR,2022-09-03 01:59:30,44.8333,0.5,65.77,94,100,2.3,overcast clouds
110,Atuona,PF,2022-09-03 01:59:30,-9.8,-139.0333,77.31,70,20,23.6,few clouds
111,Otane,NZ,2022-09-03 01:59:31,-39.8833,176.6333,61.02,65,100,8.7,light rain
112,Ouro Fino,BR,2022-09-03 01:59:31,-22.2831,-46.3692,61.36,45,3,4.03,clear sky
113,San Patricio,US,2022-09-03 01:59:31,28.017,-97.5169,85.84,71,93,9.37,overcast clouds
114,Mount Gambier,AU,2022-09-03 01:59:31,-37.8333,140.7667,55.87,62,19,8.84,few clouds
115,Alanya,TR,2022-09-03 01:59:32,36.5438,31.9998,77.18,44,0,2.77,clear sky
116,Ponta Do Sol,PT,2022-09-03 01:59:32,32.6667,-17.1,72.23,76,15,5.21,few clouds
117,Saint George,US,2022-09-03 01:59:32,37.1041,-113.5841,103.24,11,19,5.77,few clouds
118,Williams Lake,CA,2022-09-03 01:58:05,52.1415,-122.1445,89.17,15,75,4.61,broken clouds
119,El Alto,PE,2022-09-03 01:59:33,-4.2714,-81.2147,60.94,86,12,17.34,few clouds
120,Ixtapa,MX,2022-09-03 01:59:33,20.7,-105.2,79.0,91,99,0.67,overcast clouds
121,Tasiilaq,GL,2022-09-03 01:59:34,65.6145,-37.6368,35.8,65,100,8.34,overcast clouds
122,Shepsi,RU,2022-09-03 01:59:35,44.0361,39.1489,76.23,73,93,5.88,overcast clouds
123,Surin,TH,2022-09-03 01:59:35,14.8818,103.4936,82.78,71,100,6.51,overcast clouds
124,Puksoozero,RU,2022-09-03 01:59:35,62.5903,40.6066,42.01,96,100,10.67,overcast clouds
125,Hobyo,SO,2022-09-03 01:59:36,5.3505,48.5268,75.24,78,100,24.96,overcast clouds
126,La Ronge,CA,2022-09-03 01:59:36,55.1001,-105.2842,68.22,52,20,8.05,few clouds
127,Xining,CN,2022-09-03 02:00:37,36.6167,101.7667,50.74,77,100,2.71,overcast clouds
128,Changli,CN,2022-09-03 02:00:38,39.7042,119.1506,74.48,61,98,3.83,overcast clouds
129,Obihiro,JP,2022-09-03 02:00:38,42.9172,143.2044,67.78,77,100,3.38,overcast clouds
130,Brza Palanka,RS,2022-09-03 02:00:38,44.4709,22.444,60.57,92,100,4.21,overcast clouds
131,Belaya Gora,RU,2022-09-03 02:00:39,68.5333,146.4167,38.1,62,100,11.16,overcast clouds
132,Halifax,CA,2022-09-03 01:58:57,44.6453,-63.5724,57.22,87,0,1.01,clear sky
133,Rocha,UY,2022-09-03 02:00:39,-34.4833,-54.3333,43.43,83,22,9.93,few clouds
134,Grand Gaube,MU,2022-09-03 02:00:39,-20.0064,57.6608,68.4,68,0,16.64,clear sky
135,Dauphin,CA,2022-09-03 01:56:32,51.1494,-100.0502,62.74,72,0,5.75,clear sky
136,Carnarvon,AU,2022-09-03 02:00:40,-24.8667,113.6333,68.14,66,49,15.64,scattered clouds
137,Abha,SA,2022-09-03 02:00:40,18.2164,42.5053,65.97,42,37,5.7,scattered clouds
138,Innisfail,AU,2022-09-03 01:59:32,-17.5333,146.0333,77.2,81,66,8.59,broken clouds
139,Akyab,MM,2022-09-03 02:00:41,20.15,92.9,82.74,78,68,3.71,broken clouds
140,Puerto Ayora,EC,2022-09-03 02:00:41,-0.7393,-90.3518,68.56,88,50,5.99,scattered clouds
141,Iqaluit,CA,2022-09-03 01:57:05,63.7506,-68.5145,40.73,93,75,2.3,broken clouds
142,Maragogi,BR,2022-09-03 02:00:41,-9.0122,-35.2225,74.08,77,25,10.04,scattered clouds
143,Adrar,MR,2022-09-03 02:00:41,20.5022,-10.0711,91.99,31,98,4.79,overcast clouds
144,Nagorsk,RU,2022-09-03 02:00:42,59.3172,50.8078,43.56,89,100,10.71,overcast clouds
145,Juegang,CN,2022-09-03 02:00:42,32.3174,121.1855,82.9,91,100,17.11,overcast clouds
146,Camopi,GF,2022-09-03 02:00:44,3.1655,-52.3158,72.68,92,23,3.02,few clouds
147,Pueblo Nuevo,MX,2022-09-03 01:56:23,23.3833,-105.3833,59.32,97,97,2.01,overcast clouds
148,Itarema,BR,2022-09-03 02:00:44,-2.9248,-39.9167,77.88,82,3,17.67,clear sky
149,East London,ZA,2022-09-03 02:00:44,-33.0153,27.9116,62.73,76,100,14.7,overcast clouds
150,Kodiak,US,2022-09-03 02:00:45,57.79,-152.4072,53.42,65,31,1.7,scattered clouds
151,Tsarychanka,UA,2022-09-03 02:00:45,48.937,34.4786,53.92,44,100,8.75,overcast clouds
152,Dingle,PH,2022-09-03 02:00:45,10.9995,122.6711,85.51,73,100,13.24,overcast clouds
153,Waddan,LY,2022-09-03 02:00:46,29.1614,16.139,76.35,55,0,4.36,clear sky
154,Santa Maria,BR,2022-09-03 02:00:46,-29.6842,-53.8069,51.31,92,11,4.25,few clouds
155,Cayenne,GF,2022-09-03 02:00:06,4.9333,-52.3333,78.84,83,20,3.44,few clouds
156,Irun,ES,2022-09-03 02:00:52,43.339,-1.7894,69.66,84,75,5.75,broken clouds
157,Moose Factory,CA,2022-09-03 02:00:52,51.2585,-80.6094,62.58,94,100,4.61,overcast clouds
158,Schluchtern,DE,2022-09-03 02:00:52,50.3489,9.5253,60.21,78,68,5.26,broken clouds
159,Castro,BR,2022-09-03 02:00:53,-24.7911,-50.0119,60.64,65,62,1.36,light rain
160,Bundaberg,AU,2022-09-03 02:00:53,-24.85,152.35,65.35,90,98,7.92,overcast clouds
161,Kahului,US,2022-09-03 02:00:10,20.8947,-156.47,81.84,85,57,10.0,broken clouds
162,Manokwari,ID,2022-09-03 02:00:54,-0.8667,134.0833,84.22,67,47,8.59,scattered clouds
163,Iracoubo,GF,2022-09-03 02:00:54,5.4802,-53.2011,79.48,84,100,12.28,overcast clouds
164,Teacapan,MX,2022-09-03 02:00:55,22.55,-105.75,82.89,78,100,4.5,overcast clouds
165,Sao Fidelis,BR,2022-09-03 01:56:24,-21.6461,-41.7469,63.27,91,0,0.76,clear sky
166,Schladming,AT,2022-09-03 02:00:55,47.3929,13.687,51.26,92,28,4.99,scattered clouds
167,Benavente,ES,2022-09-03 02:00:56,42.0025,-5.6783,56.93,80,0,6.98,clear sky
168,Garissa,KE,2022-09-03 02:00:56,-0.4536,39.6401,70.16,83,66,14.7,broken clouds
169,Kidal,ML,2022-09-03 02:00:23,18.4411,1.4078,85.95,44,14,3.65,few clouds
170,Capusu Mare,RO,2022-09-03 02:00:57,46.7833,23.3,55.53,97,100,1.36,overcast clouds
171,Pangody,RU,2022-09-03 02:00:57,65.85,74.4859,46.29,74,100,16.51,light rain
172,Tadine,NC,2022-09-03 02:00:58,-21.55,167.8833,74.34,70,84,13.69,broken clouds
173,Chaman,PK,2022-09-03 02:00:58,30.9236,66.4512,77.54,16,0,5.68,clear sky
174,Lata,PT,2022-09-03 02:01:59,40.1629,-8.3327,55.29,97,98,1.63,overcast clouds
175,Byron Bay,AU,2022-09-03 02:02:00,-28.65,153.6167,58.96,90,100,9.35,light rain
176,Guadalupe Y Calvo,MX,2022-09-03 02:02:00,26.1,-106.9667,57.09,96,100,2.06,overcast clouds
177,Hithadhoo,MV,2022-09-03 02:02:00,-0.6,73.0833,81.16,73,42,15.35,scattered clouds
178,Khandyga,RU,2022-09-03 02:02:00,62.6667,135.6,42.37,94,100,5.57,light rain
179,Longyearbyen,SJ,2022-09-03 02:02:01,78.2186,15.6401,44.15,99,99,8.14,overcast clouds
180,Vanimo,PG,2022-09-03 02:02:01,-2.6741,141.3028,86.14,61,37,8.39,scattered clouds
181,Fortuna,US,2022-09-03 02:02:01,40.5982,-124.1573,62.92,89,39,1.99,scattered clouds
182,Kalianget,ID,2022-09-03 02:02:02,-7.05,113.9333,85.03,64,52,4.38,broken clouds
183,Norman Wells,CA,2022-09-03 02:02:02,65.282,-126.8329,67.28,40,45,9.24,scattered clouds
184,Rockland,US,2022-09-03 02:02:02,41.1668,-74.0496,69.85,80,44,2.84,scattered clouds
185,Linden,GY,2022-09-03 02:02:03,6.0,-58.3,74.86,98,76,2.93,heavy intensity rain
186,Shwebo,MM,2022-09-03 02:02:03,22.5667,95.7,85.91,66,43,9.78,scattered clouds
187,Okato,NZ,2022-09-03 02:02:03,-39.2,173.8833,57.18,96,100,13.0,moderate rain
188,Aktau,KZ,2022-09-03 02:02:03,43.65,51.2,66.78,28,0,10.49,clear sky
189,San Rafael,AR,2022-09-03 01:59:31,-34.6177,-68.3301,53.42,26,0,8.43,clear sky
190,Hamilton,US,2022-09-03 01:59:25,39.1834,-84.5333,79.56,77,93,1.01,overcast clouds
191,Wajir,KE,2022-09-03 02:02:04,1.7471,40.0573,69.96,74,27,15.46,scattered clouds
192,Luderitz,NA,2022-09-03 02:02:05,-26.6481,15.1594,52.63,81,0,9.31,clear sky
193,Nanortalik,GL,2022-09-03 02:02:06,60.1432,-45.2371,48.47,57,100,21.32,overcast clouds
194,Sobolevo,RU,2022-09-03 02:02:06,54.4299,31.8996,40.28,79,53,4.97,broken clouds
195,Gurupa,BR,2022-09-03 02:02:06,-1.405,-51.64,76.75,69,50,3.44,scattered clouds
196,Vaitape,PF,2022-09-03 02:02:07,-16.5167,-151.75,78.96,67,0,19.98,clear sky
197,Pevek,RU,2022-09-03 02:02:07,69.7008,170.3133,34.27,93,100,4.7,snow
198,Bemidji,US,2022-09-03 02:02:07,47.4736,-94.8803,63.05,75,0,4.61,clear sky
199,Umm Kaddadah,SD,2022-09-03 02:02:07,13.6017,26.6876,81.91,60,88,15.05,overcast clouds
200,Banjar,ID,2022-09-03 02:02:08,-8.19,114.9675,87.57,55,7,2.01,clear sky
201,Bengkulu,ID,2022-09-03 02:02:08,-3.8004,102.2655,73.74,94,100,2.71,overcast clouds
202,Kyshtovka,RU,2022-09-03 02:02:08,56.555,76.6271,55.63,64,99,14.94,overcast clouds
203,Esperance,AU,2022-09-03 02:02:09,-33.8667,121.9,58.05,62,100,21.59,overcast clouds
204,Awbari,LY,2022-09-03 02:00:29,26.5921,12.7805,82.38,25,0,7.83,clear sky
205,Borogontsy,RU,2022-09-03 02:02:09,62.6683,131.1683,44.28,83,100,9.22,overcast clouds
206,San Quintin,MX,2022-09-03 02:02:09,30.4833,-115.95,77.45,72,2,7.43,clear sky
207,Nosy Varika,MG,2022-09-03 02:02:10,-20.5833,48.5333,65.55,78,100,3.91,overcast clouds
208,Nueve De Julio,AR,2022-09-03 02:02:10,-35.4444,-60.8831,41.97,65,0,2.82,clear sky
209,Jantianon,PH,2022-09-03 02:02:10,9.4442,123.1657,83.73,72,100,2.04,overcast clouds
210,Rio Gallegos,AR,2022-09-03 02:02:11,-51.6226,-69.2181,47.61,70,100,12.71,overcast clouds
211,Cap Malheureux,MU,2022-09-03 02:01:42,-19.9842,57.6142,70.54,68,0,16.55,clear sky
212,Leshukonskoye,RU,2022-09-03 02:02:11,64.8989,45.7622,43.7,96,100,2.28,overcast clouds
213,Ostrovnoy,RU,2022-09-03 02:02:11,68.0531,39.5131,46.44,91,100,27.31,moderate rain
214,Severo-Kurilsk,RU,2022-09-03 02:02:12,50.6789,156.125,55.89,86,40,12.33,scattered clouds
215,Aksu,CN,2022-09-03 02:02:12,41.1231,80.2644,75.29,22,5,1.14,clear sky
216,Kirkkonummi,FI,2022-09-03 02:02:12,60.1238,24.4385,44.89,69,86,8.19,overcast clouds
217,Kloulklubed,PW,2022-09-03 02:02:13,7.0419,134.2556,82.47,79,88,16.67,overcast clouds
218,Wanlaweyn,SO,2022-09-03 02:02:13,2.6185,44.8938,72.34,83,7,12.64,clear sky
219,Souillac,MU,2022-09-03 02:02:13,-20.5167,57.5167,68.38,73,40,8.05,scattered clouds
220,Waipawa,NZ,2022-09-03 02:02:13,-41.4122,175.5153,56.55,76,100,19.48,light rain
221,Aquin,HT,2022-09-03 02:02:14,18.2833,-73.4,78.91,81,39,2.42,scattered clouds
222,Rafaela,AR,2022-09-03 02:00:14,-31.2503,-61.4867,43.0,61,0,7.16,clear sky
223,Cherskiy,RU,2022-09-03 02:03:15,68.75,161.3,44.55,65,100,12.41,overcast clouds
224,Pitimbu,BR,2022-09-03 02:03:16,-7.4706,-34.8086,74.84,81,49,13.42,scattered clouds
225,Teluk Intan,MY,2022-09-03 02:01:01,4.0259,101.0213,81.64,77,65,1.19,broken clouds
226,Kruisfontein,ZA,2022-09-03 02:03:16,-34.0033,24.7314,51.33,81,0,4.72,clear sky
227,Bilhaur,IN,2022-09-03 02:03:16,26.85,80.0833,84.29,73,27,5.95,scattered clouds
228,Malanje,AO,2022-09-03 02:03:17,-9.5402,16.341,64.8,85,32,7.14,scattered clouds
229,Hasaki,JP,2022-09-03 02:03:17,35.7333,140.8333,79.29,83,50,12.77,scattered clouds
230,Ler,SS,2022-09-03 02:00:22,8.3018,30.1418,70.05,96,100,5.35,light rain
231,Burnie,AU,2022-09-03 02:03:17,-41.0667,145.9167,59.94,45,4,3.91,clear sky
232,Yulara,AU,2022-09-03 02:03:18,-25.2406,130.9889,61.66,34,99,17.85,overcast clouds
233,Coihaique,CL,2022-09-03 02:03:18,-45.5752,-72.0662,47.01,98,100,9.24,overcast clouds
234,Labuan,MY,2022-09-03 02:03:18,5.2767,115.2417,81.9,75,100,5.73,overcast clouds
235,Paamiut,GL,2022-09-03 02:03:19,61.994,-49.6678,45.61,82,100,36.15,moderate rain
236,Sao Joao Da Barra,BR,2022-09-03 02:03:19,-21.6403,-41.0511,69.94,77,0,21.77,clear sky
237,Torbay,CA,2022-09-03 02:03:19,47.6666,-52.7314,64.76,94,95,6.26,overcast clouds
238,Port Lincoln,AU,2022-09-03 02:03:20,-34.7333,135.8667,55.98,57,9,14.76,clear sky
239,Srednekolymsk,RU,2022-09-03 02:03:20,67.45,153.6833,37.08,87,100,19.55,light rain
240,Anadyr,RU,2022-09-03 02:03:21,64.75,177.4833,50.0,71,96,7.09,overcast clouds
241,Capim Grosso,BR,2022-09-03 02:01:26,-11.3811,-40.0128,65.55,94,63,9.13,broken clouds
242,Ambon,ID,2022-09-03 01:59:54,-3.6954,128.1814,86.14,74,40,5.75,scattered clouds
243,Raga,SS,2022-09-03 02:03:22,8.4596,25.678,67.93,97,57,6.2,broken clouds
244,Hay River,CA,2022-09-03 02:00:41,60.8156,-115.7999,62.96,53,18,3.76,few clouds
245,Sunndalsora,NO,2022-09-03 02:03:22,62.6754,8.5515,50.95,92,60,3.11,broken clouds
246,Praia,CV,2022-09-03 02:03:23,14.9215,-23.5087,79.34,89,40,6.91,scattered clouds
247,Sampit,ID,2022-09-03 02:03:23,-2.5333,112.95,86.07,63,90,3.47,overcast clouds
248,Jalu,LY,2022-09-03 02:03:23,29.0331,21.5482,77.95,59,0,7.96,clear sky
249,Hargeysa,SO,2022-09-03 02:03:23,9.56,44.065,70.38,54,57,25.64,broken clouds
250,Launceston,AU,2022-09-03 02:03:24,-41.45,147.1667,58.6,53,2,6.91,clear sky
251,Matara,LK,2022-09-03 02:03:24,5.9485,80.5353,77.94,86,89,8.81,overcast clouds
252,Uvalde,US,2022-09-03 02:03:24,29.3669,-99.767,81.14,48,0,4.61,clear sky
253,Tazovskiy,RU,2022-09-03 02:03:24,67.4667,78.7,44.51,62,94,10.33,overcast clouds
254,Marolambo,MG,2022-09-03 02:03:25,-20.05,48.1167,58.91,97,100,1.95,overcast clouds
255,Voh,NC,2022-09-03 02:03:13,-20.9667,164.7,79.92,53,98,6.13,overcast clouds
256,Omboue,GA,2022-09-03 02:03:25,-1.5746,9.2618,73.98,89,91,6.44,overcast clouds
257,Diamantino,BR,2022-09-03 02:03:25,-14.4086,-56.4461,81.32,28,59,4.94,broken clouds
258,Kosel,PL,2022-09-03 02:03:26,50.3356,18.1433,51.85,55,0,7.07,clear sky
259,North Myrtle Beach,US,2022-09-03 02:03:26,33.816,-78.68,81.05,86,0,3.44,clear sky
260,Pandan,PH,2022-09-03 02:03:26,14.0453,124.1694,87.8,67,94,14.12,overcast clouds
261,Kavieng,PG,2022-09-03 02:03:28,-2.5744,150.7967,85.53,61,84,14.83,broken clouds
262,Tailai,CN,2022-09-03 02:03:28,46.3833,123.4,77.85,34,12,16.06,few clouds
263,Liwale,TZ,2022-09-03 02:03:29,-9.7667,37.9333,59.52,96,0,0.94,clear sky
264,San Carlos De Bariloche,AR,2022-09-03 02:00:10,-41.1456,-71.3082,43.02,69,0,4.79,clear sky
265,Abu Samrah,SY,2022-09-03 02:03:29,35.3029,37.1841,81.09,54,5,4.21,clear sky
266,Luena,AO,2022-09-03 02:03:29,-11.7833,19.9167,52.72,46,2,4.63,clear sky
267,Tabuk,PH,2022-09-03 02:04:31,17.4189,121.4443,75.9,92,100,3.83,light rain
268,Novo Aripuana,BR,2022-09-03 02:04:31,-5.1206,-60.3797,82.0,54,96,1.36,overcast clouds
269,Sambava,MG,2022-09-03 02:04:32,-14.2667,50.1667,66.36,80,19,12.86,few clouds
270,Tulun,RU,2022-09-03 02:04:32,54.5611,100.5792,46.0,69,53,16.28,broken clouds
271,Teahupoo,PF,2022-09-03 02:04:32,-17.8333,-149.2667,76.96,73,15,19.24,few clouds
272,Borgarnes,IS,2022-09-03 02:04:32,64.5383,-21.9206,45.81,94,18,7.76,few clouds
273,Haines Junction,CA,2022-09-03 02:04:33,60.7522,-137.5108,46.74,96,100,2.89,overcast clouds
274,Sisimiut,GL,2022-09-03 02:04:33,66.9395,-53.6735,49.12,88,100,33.17,moderate rain
275,Pacific Grove,US,2022-09-03 02:04:33,36.6177,-121.9166,75.02,83,0,10.36,clear sky
276,Betioky,MG,2022-09-03 02:04:33,-23.7167,44.3833,60.84,67,0,7.2,clear sky
277,Matamoros,MX,2022-09-03 02:00:35,25.5333,-103.25,81.97,46,100,17.6,overcast clouds
278,Grenville,GD,2022-09-03 02:04:34,12.1167,-61.6167,78.85,66,70,4.7,broken clouds
279,Tilichiki,RU,2022-09-03 02:04:34,60.4667,166.1,57.36,70,24,6.89,few clouds
280,Gamba,GA,2022-09-03 02:04:35,-2.65,10.0,72.23,90,76,4.81,broken clouds
281,Naze,JP,2022-09-03 02:04:36,28.3667,129.4833,80.19,80,100,22.68,heavy intensity rain
282,Sydney,AU,2022-09-03 02:01:27,-33.8679,151.2073,59.72,77,75,26.46,light intensity drizzle
283,Sulangan,PH,2022-09-03 02:04:36,11.1373,123.7228,83.86,74,100,11.25,overcast clouds
284,Kaseda,JP,2022-09-03 02:04:36,31.4167,130.3167,81.93,79,100,16.71,overcast clouds
285,Deputatskiy,RU,2022-09-03 02:04:37,69.3,139.9,30.9,77,100,4.99,overcast clouds
286,Evensk,RU,2022-09-03 02:04:37,61.95,159.2333,51.08,95,100,7.99,overcast clouds
287,Rio Pomba,BR,2022-09-03 02:04:37,-21.2747,-43.1792,58.75,49,0,3.31,clear sky
288,Benguela,AO,2022-09-03 02:00:33,-12.5763,13.4055,69.96,85,97,2.86,overcast clouds
289,Faanui,PF,2022-09-03 02:04:38,-16.4833,-151.75,78.96,67,1,20.0,clear sky
290,Boras,SE,2022-09-03 02:04:38,57.721,12.9401,48.54,95,46,4.25,scattered clouds
291,Filadelfia,US,2022-09-03 02:02:45,39.9523,-75.1638,72.05,79,75,6.91,broken clouds
292,Turayf,SA,2022-09-03 02:04:38,31.6725,38.6637,85.05,12,1,8.37,clear sky
293,Quelimane,MZ,2022-09-03 02:04:39,-17.8786,36.8883,64.42,76,88,2.13,overcast clouds
294,Hervey Bay,AU,2022-09-03 02:04:39,-25.2986,152.8535,65.03,85,100,10.11,overcast clouds
295,Half Moon Bay,US,2022-09-03 02:04:39,37.4636,-122.4286,78.58,77,20,18.41,mist
296,Buala,SB,2022-09-03 02:04:40,-8.145,159.5921,85.12,66,31,5.37,scattered clouds
297,Gardelegen,DE,2022-09-03 02:04:40,52.5252,11.3952,55.98,65,1,7.92,clear sky
298,Klyuchi,RU,2022-09-03 02:04:40,52.2667,79.1667,63.03,71,90,9.84,overcast clouds
299,Asau,RO,2022-09-03 02:04:41,46.4333,26.4,52.72,98,100,3.4,overcast clouds
300,Narsaq,GL,2022-09-03 02:04:41,60.9167,-46.05,57.42,69,100,1.7,light rain
301,Yerbogachen,RU,2022-09-03 02:04:41,61.2767,108.0108,40.73,91,100,7.81,overcast clouds
302,Sheltozero,RU,2022-09-03 02:04:41,61.3667,35.3667,41.72,92,51,12.26,broken clouds
303,Berlevag,NO,2022-09-03 02:04:42,70.8578,29.0864,42.8,87,100,14.97,overcast clouds
304,Saint-Joseph,RE,2022-09-03 02:04:42,-21.3667,55.6167,62.98,80,22,10.83,light rain
305,Cascais,PT,2022-09-03 02:04:42,38.6979,-9.4215,68.94,88,99,7.0,overcast clouds
306,Emerald,AU,2022-09-03 02:04:43,-23.5333,148.1667,69.35,61,95,12.21,overcast clouds
307,Stephenville,US,2022-09-03 02:04:43,32.2207,-98.2023,76.15,87,100,1.99,overcast clouds
308,Constitucion,CL,2022-09-03 02:04:43,-35.3333,-72.4167,52.66,72,0,5.23,clear sky
309,Parintins,BR,2022-09-03 02:04:43,-2.6283,-56.7358,78.73,63,30,1.7,scattered clouds
310,Indianola,US,2022-09-03 02:04:44,41.3581,-93.5574,83.03,69,5,10.07,clear sky
311,Punahana,IN,2022-09-03 02:04:44,27.8667,77.2,87.35,56,2,5.41,clear sky
312,Samarai,PG,2022-09-03 02:05:45,-10.6167,150.6667,82.87,71,86,13.53,overcast clouds
313,Zmeinogorsk,RU,2022-09-03 02:05:46,51.1567,82.195,61.03,72,65,4.97,broken clouds
314,Cidreira,BR,2022-09-03 02:05:46,-30.1811,-50.2056,55.0,77,42,14.58,scattered clouds
315,Baker City,US,2022-09-03 02:05:46,44.7749,-117.8344,87.58,12,0,11.5,clear sky
316,Kefamenanu,ID,2022-09-03 02:05:47,-9.4467,124.4781,86.13,46,6,10.11,clear sky
317,General Roca,AR,2022-09-03 02:05:47,-39.0333,-67.5833,58.23,17,0,6.35,clear sky
318,Keuruu,FI,2022-09-03 02:05:47,62.2667,24.7,42.8,96,100,6.22,overcast clouds
319,Chara,RU,2022-09-03 02:05:47,56.9064,118.2631,48.7,53,100,0.11,overcast clouds
320,Mahbubnagar,IN,2022-09-03 02:05:48,16.7333,77.9833,77.49,81,26,4.16,scattered clouds
321,Sao Filipe,CV,2022-09-03 02:05:48,14.8961,-24.4956,78.71,86,24,10.65,few clouds
322,Nizwa,OM,2022-09-03 02:05:48,22.9333,57.5333,79.41,55,6,0.69,clear sky
323,Aloleng,PH,2022-09-03 02:05:48,16.1307,119.7824,82.11,83,100,17.29,light rain
324,Cody,US,2022-09-03 02:05:49,44.5263,-109.0565,79.0,32,0,3.44,clear sky
325,Cedar City,US,2022-09-03 02:05:49,37.6775,-113.0619,83.39,14,0,6.91,clear sky
326,Plettenberg Bay,ZA,2022-09-03 02:05:49,-34.0527,23.3716,54.55,77,0,4.83,clear sky
327,Talcahuano,CL,2022-09-03 02:05:50,-36.7167,-73.1167,53.28,76,0,9.22,clear sky
328,Saint-Georges,GD,2022-09-03 02:05:50,12.0564,-61.7485,78.48,89,20,2.3,few clouds
329,Saldanha,ZA,2022-09-03 02:05:50,-33.0117,17.9442,56.14,86,100,14.43,overcast clouds
330,Cabo San Lucas,MX,2022-09-03 02:02:14,22.8909,-109.9124,82.51,91,100,5.01,overcast clouds
331,Oriximina,BR,2022-09-03 02:05:52,-1.7656,-55.8661,81.09,63,85,3.58,overcast clouds
332,Qui Nhon,VN,2022-09-03 02:05:52,13.7667,109.2333,85.91,65,100,3.4,overcast clouds
333,Mirnyy,RU,2022-09-03 02:05:52,62.5353,113.9611,41.23,93,100,7.0,overcast clouds
334,Karymskoye,RU,2022-09-03 02:05:52,51.6167,114.35,70.84,42,9,4.47,clear sky
335,Ahtopol,BG,2022-09-03 02:05:53,42.1,27.95,70.97,91,95,7.45,overcast clouds
336,Yuzhno-Kurilsk,RU,2022-09-03 02:05:53,44.0306,145.8556,67.73,62,100,2.57,overcast clouds
337,Galle,LK,2022-09-03 02:05:53,6.0367,80.217,78.15,87,72,10.94,broken clouds
338,Guerrero Negro,MX,2022-09-03 02:03:26,27.9769,-114.0611,79.36,78,96,2.28,overcast clouds
339,Upernavik,GL,2022-09-03 02:05:54,72.7868,-56.1549,44.04,94,100,25.61,light rain
340,Gigmoto,PH,2022-09-03 02:05:54,13.7796,124.39,86.2,73,100,16.89,light rain
341,Tourlaville,FR,2022-09-03 02:05:54,49.6383,-1.5664,62.02,100,75,6.91,mist
342,Gravdal,NO,2022-09-03 02:05:54,68.1214,13.5031,47.93,73,75,8.72,broken clouds
343,Araouane,ML,2022-09-03 02:05:55,18.9048,-3.5265,91.08,34,0,8.84,clear sky
344,Olafsvik,IS,2022-09-03 02:05:55,64.8945,-23.7142,49.26,88,28,8.21,scattered clouds
345,Placerville,US,2022-09-03 02:05:55,38.7296,-120.7986,96.08,17,0,5.75,clear sky
346,Murgab,TM,2022-09-03 02:05:56,37.4966,61.9714,72.28,16,0,5.97,clear sky
347,Takoradi,GH,2022-09-03 02:05:56,4.8845,-1.7554,73.31,95,33,5.99,scattered clouds
348,Sovetskiy,RU,2022-09-03 02:05:56,61.3614,63.5842,49.03,95,52,7.45,broken clouds
349,Marawi,PH,2022-09-03 02:05:58,7.9986,124.2928,81.81,62,100,1.52,overcast clouds
350,Vao,NC,2022-09-03 02:05:58,-22.6667,167.4833,72.43,74,98,17.05,overcast clouds
351,Sibanicu,CU,2022-09-03 02:05:58,21.235,-77.5264,77.45,88,3,7.47,clear sky
352,Ylojarvi,FI,2022-09-03 02:05:58,61.5563,23.5961,42.94,92,0,2.3,clear sky
353,Rybnoye,RU,2022-09-03 02:05:59,54.7256,39.5119,38.79,90,6,7.76,clear sky
354,Sechura,PE,2022-09-03 02:05:59,-5.5569,-80.8222,62.24,80,0,14.0,clear sky
355,Sovetskaya,RU,2022-09-03 02:05:59,44.7769,41.1722,68.16,67,83,8.61,broken clouds
356,Nizhniy Ufaley,RU,2022-09-03 02:06:00,55.9153,59.9842,47.8,81,0,4.18,clear sky
357,Mount Isa,AU,2022-09-03 02:01:31,-20.7333,139.5,64.17,52,40,14.97,scattered clouds
358,Zhangjiakou,CN,2022-09-03 02:06:00,40.81,114.8794,65.17,68,100,3.38,moderate rain
359,Freetown,SL,2022-09-03 02:07:01,8.484,-13.2299,74.97,84,66,3.18,broken clouds
360,Pisco,PE,2022-09-03 02:05:10,-13.7,-76.2167,60.85,82,20,10.36,mist
361,Tecpan,GT,2022-09-03 02:07:02,14.7623,-90.9947,56.61,99,100,2.73,overcast clouds
362,Los Llanos De Aridane,ES,2022-09-03 02:07:02,28.6585,-17.9182,72.12,97,75,11.5,broken clouds
363,Susanville,US,2022-09-03 02:07:02,40.4163,-120.653,91.24,15,0,9.22,clear sky
364,Ust-Ishim,RU,2022-09-03 02:07:03,57.6935,71.1665,61.74,70,100,6.33,overcast clouds
365,Bulembu,SZ,2022-09-03 02:07:03,-25.9667,31.1333,52.86,45,0,5.44,clear sky
366,Emba,KZ,2022-09-03 02:07:03,48.8264,58.1442,77.5,21,96,13.11,overcast clouds
367,Geraldton,AU,2022-09-03 02:07:04,-28.7667,114.6,63.01,82,100,16.11,overcast clouds
368,Tahta,EG,2022-09-03 02:07:04,26.7693,31.5021,80.69,51,3,13.15,clear sky
369,Tezu,IN,2022-09-03 02:07:04,27.9167,96.1667,75.27,99,100,3.18,overcast clouds
370,Yakeshi,CN,2022-09-03 02:07:04,49.2833,120.7333,75.22,30,99,4.79,overcast clouds
371,Derzhavinsk,KZ,2022-09-03 02:07:05,51.1,66.3167,73.92,22,0,10.31,clear sky
372,Kununurra,AU,2022-09-03 02:07:05,-15.7667,128.7333,80.58,34,6,13.8,clear sky
373,Hit,IQ,2022-09-03 02:07:05,33.6416,42.8251,92.53,11,0,9.08,clear sky
374,Kralendijk,BQ,2022-09-03 02:07:06,12.15,-68.2667,84.18,74,49,10.36,scattered clouds
375,Petropavlovsk-Kamchatskiy,RU,2022-09-03 02:03:53,53.0452,158.6483,70.39,53,20,4.47,few clouds
376,Kandrian,PG,2022-09-03 02:07:06,-6.2167,149.55,85.32,67,39,9.31,scattered clouds
377,Mahebourg,MU,2022-09-03 02:07:07,-20.4081,57.7,68.29,73,40,8.05,scattered clouds
378,Valerianovsk,RU,2022-09-03 02:07:08,58.76,59.5522,43.65,93,7,4.83,clear sky
379,Morros,BR,2022-09-03 02:07:08,-9.4467,-46.3003,75.52,36,0,9.64,clear sky
380,Otuzco,PE,2022-09-03 02:07:08,-7.9,-78.5833,50.61,55,6,0.83,clear sky
381,Sawakin,SD,2022-09-03 02:07:09,19.1059,37.3321,88.56,59,2,1.19,clear sky
382,Flinders,AU,2022-09-03 02:07:09,-34.5833,150.8552,58.28,89,100,7.0,light rain
383,Aklavik,CA,2022-09-03 02:07:09,68.2191,-135.0107,62.37,49,89,7.36,overcast clouds
384,Mega,ET,2022-09-03 02:07:09,4.05,38.3,54.43,75,69,15.32,broken clouds
385,Hluti,SZ,2022-09-03 02:07:10,-27.2167,31.6167,57.04,55,0,4.05,clear sky
386,Bambanglipuro,ID,2022-09-03 02:07:10,-7.95,110.2833,82.08,69,26,9.69,scattered clouds
387,Syracuse,IT,2022-09-03 02:07:10,37.0881,15.2792,72.32,71,9,5.3,clear sky
388,Bousso,TD,2022-09-03 02:07:11,10.4795,16.7117,71.92,97,100,5.06,overcast clouds
389,Pangnirtung,CA,2022-09-03 02:07:11,66.1451,-65.7125,48.2,92,100,5.35,light rain
390,Puerto Escondido,MX,2022-09-03 02:07:11,15.85,-97.0667,76.03,73,100,3.44,overcast clouds
391,Orsha,BY,2022-09-03 02:07:11,54.5153,30.4053,45.12,67,67,5.88,broken clouds
392,Bonavista,CA,2022-09-03 02:07:12,48.6499,-53.1147,64.71,90,86,9.57,overcast clouds
393,Kaitangata,NZ,2022-09-03 02:07:12,-46.2817,169.8464,44.26,88,100,14.38,overcast clouds
394,Mulege,MX,2022-09-03 02:07:13,26.8833,-111.9833,76.73,87,100,4.56,overcast clouds
395,Oskemen,KZ,2022-09-03 02:07:13,49.9565,82.6119,60.76,72,24,4.47,few clouds
396,Vuktyl,RU,2022-09-03 02:07:13,63.8567,57.3094,44.11,97,100,6.49,moderate rain
397,Toma,BF,2022-09-03 02:07:13,12.7667,-2.8833,73.11,91,100,8.88,moderate rain
398,Maykor,RU,2022-09-03 02:07:14,59.0059,55.88,42.55,90,12,8.97,few clouds
399,Poronaysk,RU,2022-09-03 02:07:14,49.2167,143.1167,70.05,60,0,8.9,clear sky
400,Moses Lake,US,2022-09-03 02:07:14,47.1301,-119.2781,95.36,14,0,4.61,clear sky
401,Victoria,HK,2022-09-03 02:03:58,22.2855,114.1577,88.25,61,45,15.01,scattered clouds
402,Rundu,NA,2022-09-03 02:07:15,-17.9333,19.7667,55.06,32,0,4.92,clear sky
403,Broome,US,2022-09-03 02:07:15,42.2506,-75.833,64.45,75,57,3.91,broken clouds
404,Talnakh,RU,2022-09-03 02:07:15,69.4865,88.3972,45.36,69,48,2.08,scattered clouds
405,Ibra,OM,2022-09-03 02:07:15,22.6906,58.5334,77.27,65,1,3.53,clear sky
406,Wanning,CN,2022-09-03 02:08:17,18.8003,110.3967,84.33,75,100,2.59,overcast clouds
407,Makakilo City,US,2022-09-03 02:08:17,21.3469,-158.0858,86.32,50,0,18.41,clear sky
408,Awjilah,LY,2022-09-03 02:08:17,29.1081,21.2869,77.31,65,0,8.61,clear sky
409,Alpena,US,2022-09-03 02:08:18,45.0617,-83.4327,79.05,78,75,6.91,broken clouds
410,Hofn,IS,2022-09-03 02:08:18,64.2539,-15.2082,50.76,85,100,14.74,overcast clouds
411,Kastamonu,TR,2022-09-03 02:08:18,41.5,33.6667,62.13,95,7,0.2,clear sky
412,Fukue,JP,2022-09-03 02:08:19,32.6881,128.8419,77.36,88,75,11.5,light intensity shower rain
413,Celarevo,RS,2022-09-03 02:08:19,45.2694,19.5253,56.95,91,5,2.55,clear sky
414,Saint-Augustin,CA,2022-09-03 02:08:19,51.226,-58.6502,55.51,61,0,7.18,clear sky
415,Alofi,NU,2022-09-03 02:08:20,-19.0595,-169.9187,74.64,78,100,11.1,light rain
416,Marsa Matruh,EG,2022-09-03 02:08:20,31.3525,27.2453,77.04,76,0,7.4,clear sky
417,Cabedelo,BR,2022-09-03 02:08:20,-6.9811,-34.8339,74.07,85,18,12.77,few clouds
418,Bathsheba,BB,2022-09-03 02:08:20,13.2167,-59.5167,79.41,83,20,2.3,few clouds
419,Port Pirie,AU,2022-09-03 02:08:21,-33.1833,138.0167,59.14,38,1,13.58,clear sky
420,Humaita,BR,2022-09-03 02:08:21,-7.5061,-63.0208,85.42,33,70,2.59,broken clouds
421,Gillette,US,2022-09-03 02:06:05,44.2911,-105.5022,76.1,32,0,6.91,clear sky
422,Vardo,NO,2022-09-03 02:08:23,70.3705,31.1107,44.58,93,75,18.41,broken clouds
423,Bulawayo,ZW,2022-09-03 02:08:23,-20.15,28.5833,48.13,63,0,5.59,clear sky
424,Kazachinskoye,RU,2022-09-03 02:08:23,57.6953,93.2761,46.35,77,29,6.51,scattered clouds
425,Praia Da Vitoria,PT,2022-09-03 02:08:23,38.7333,-27.0667,69.76,85,58,6.67,broken clouds
426,Litovko,RU,2022-09-03 02:08:24,49.2361,135.1742,69.19,67,3,8.28,clear sky
427,Dunedin,NZ,2022-09-03 02:08:08,-45.8742,170.5036,47.8,77,99,11.99,overcast clouds
428,Luanda,AO,2022-09-03 02:06:42,-8.8368,13.2343,71.6,88,75,2.3,broken clouds
429,Alikalia,SL,2022-09-03 02:08:24,9.1667,-11.4,67.26,100,77,2.37,broken clouds
430,Am Timan,TD,2022-09-03 02:08:24,11.0297,20.2827,67.68,95,100,5.28,light rain
431,Padang,ID,2022-09-03 02:08:25,-0.9492,100.3543,75.25,93,100,7.56,overcast clouds
432,Bonthe,SL,2022-09-03 02:08:25,7.5264,-12.505,74.35,90,19,3.38,few clouds
433,Moche,PE,2022-09-03 02:08:25,-8.1711,-79.0092,59.18,88,30,10.36,fog
434,Ponca City,US,2022-09-03 02:08:25,36.707,-97.0856,80.62,67,0,10.36,clear sky
435,Mutoko,ZW,2022-09-03 02:08:26,-17.397,32.2268,47.52,78,77,2.59,broken clouds
436,Tessalit,ML,2022-09-03 02:08:26,20.1986,1.0114,87.35,31,92,3.18,overcast clouds
437,Kushmurun,KZ,2022-09-03 02:08:26,52.4503,64.6311,75.76,34,91,9.95,overcast clouds
438,Buchanan,LR,2022-09-03 02:05:22,5.8808,-10.0467,74.39,90,69,5.79,broken clouds
439,Vestmanna,FO,2022-09-03 02:08:27,62.1564,-7.1664,52.72,82,20,10.36,few clouds
440,Grindavik,IS,2022-09-03 02:08:27,63.8424,-22.4338,48.67,93,0,8.05,clear sky
441,Krutaya Gorka,RU,2022-09-03 02:08:28,55.3649,73.2231,60.48,55,67,11.74,broken clouds
442,Ximei,CN,2022-09-03 02:08:29,24.9639,118.3794,88.38,51,15,9.33,few clouds
443,Waingapu,ID,2022-09-03 02:08:29,-9.6567,120.2641,86.13,60,6,13.02,clear sky
444,Abonnema,NG,2022-09-03 02:08:29,4.7084,6.7931,75.04,86,96,2.73,overcast clouds
445,Clifton,US,2022-09-03 02:07:03,40.8584,-74.1638,71.04,74,0,6.91,clear sky
446,Bagdarin,RU,2022-09-03 02:08:30,54.4333,113.6,59.07,68,93,5.99,overcast clouds
447,Margate,GB,2022-09-03 02:08:30,51.3813,1.3862,62.69,92,90,1.01,overcast clouds
448,Leiyang,CN,2022-09-03 02:08:30,26.4024,112.8591,81.3,50,19,8.12,few clouds
449,Eckernforde,DE,2022-09-03 02:08:30,54.4667,9.8333,60.8,78,100,10.4,overcast clouds
450,Pervomayskoye,RU,2022-09-03 02:08:31,43.919,46.7102,75.92,56,17,7.11,few clouds
451,Salinopolis,BR,2022-09-03 02:08:23,-0.6136,-47.3561,78.98,84,2,11.74,clear sky
452,Sept-Iles,CA,2022-09-03 02:08:31,50.2001,-66.3821,55.06,82,6,1.99,clear sky
453,Gotsu,JP,2022-09-03 02:08:31,35.0,132.2167,79.14,80,100,9.13,light rain
454,Zhongshu,CN,2022-09-03 02:09:33,24.5167,103.7667,65.43,96,100,2.46,overcast clouds
455,Havoysund,NO,2022-09-03 02:09:33,70.9963,24.6622,44.83,78,100,11.41,overcast clouds
456,Ribeira Grande,PT,2022-09-03 02:09:33,38.5167,-28.7,72.39,74,21,5.48,few clouds
457,Kawalu,ID,2022-09-03 02:09:34,-7.3817,108.2082,75.69,86,97,2.35,overcast clouds
458,Meiktila,MM,2022-09-03 02:09:34,20.8667,95.8667,84.09,66,84,11.43,broken clouds
459,Pendleton,US,2022-09-03 02:08:02,45.6721,-118.7886,98.56,20,0,13.8,clear sky
460,Carutapera,BR,2022-09-03 02:09:34,-1.195,-46.02,77.0,86,1,6.2,clear sky
461,Malakal,SS,2022-09-03 02:09:35,9.5334,31.6605,70.57,98,100,8.72,moderate rain
462,Aksarka,RU,2022-09-03 02:09:35,66.5606,67.7975,44.26,88,100,23.89,light rain
463,Abalak,RU,2022-09-03 02:09:35,58.1286,68.5944,59.92,85,100,6.58,overcast clouds
464,Karoi,ZW,2022-09-03 02:09:35,-16.8099,29.6925,55.65,64,100,5.14,overcast clouds
465,Kieta,PG,2022-09-03 02:09:36,-6.2167,155.6333,84.38,68,100,3.91,overcast clouds
466,Yaan,NG,2022-09-03 02:09:36,7.3833,8.5667,67.87,96,88,1.95,overcast clouds
467,Aguimes,ES,2022-09-03 02:09:36,27.9054,-15.4461,72.23,69,0,18.41,clear sky
468,Gadsden,US,2022-09-03 02:09:37,34.0143,-86.0066,80.56,83,0,4.61,clear sky
469,Mecca,SA,2022-09-03 02:07:46,21.4267,39.8261,87.03,45,3,1.99,clear sky
470,Barahona,DO,2022-09-03 02:09:37,18.2085,-71.1008,80.19,81,7,2.68,clear sky
471,Pacifica,US,2022-09-03 02:08:14,37.6138,-122.4869,77.05,84,20,18.41,mist
472,Bontang,ID,2022-09-03 02:08:07,0.1333,117.5,81.77,80,100,5.44,light rain
473,Usinsk,RU,2022-09-03 02:09:37,65.9939,57.5281,43.66,99,100,6.69,light rain
474,Oranjemund,NA,2022-09-03 02:09:38,-28.55,16.4333,50.14,81,0,4.5,clear sky
475,Kendari,ID,2022-09-03 02:09:38,-3.945,122.4989,82.0,80,47,2.82,scattered clouds
476,Digoin,FR,2022-09-03 02:09:38,46.4812,3.9795,60.89,96,7,0.0,mist
477,Togul,RU,2022-09-03 02:09:39,53.465,85.9128,51.55,66,25,4.05,scattered clouds
478,Arti,RU,2022-09-03 02:09:39,56.4234,58.5328,45.45,72,0,6.4,clear sky
479,Vestmannaeyjar,IS,2022-09-03 02:09:39,63.4427,-20.2734,52.23,78,2,5.86,clear sky
480,Ucluelet,CA,2022-09-03 02:09:23,48.9329,-125.5528,61.09,89,40,7.9,scattered clouds
481,Medicine Hat,CA,2022-09-03 02:09:39,50.0501,-110.6683,80.22,31,0,1.01,clear sky
482,Lagoa,PT,2022-09-03 02:09:40,39.05,-27.9833,70.41,74,28,11.48,scattered clouds
483,Requena,ES,2022-09-03 02:09:40,39.4883,-1.1004,67.78,30,21,5.37,few clouds
484,Gao,ML,2022-09-03 02:09:40,16.6362,1.637,87.15,47,98,6.71,overcast clouds
485,Skibbereen,IE,2022-09-03 02:09:40,51.55,-9.2667,49.1,80,100,6.51,overcast clouds
486,Parambu,BR,2022-09-03 02:09:41,-6.2111,-40.6944,71.46,49,1,5.1,clear sky
487,Chicla,PE,2022-09-03 02:09:41,-11.705,-76.2686,45.45,66,81,4.72,broken clouds
488,Dalbandin,PK,2022-09-03 02:09:41,28.8947,64.4101,83.12,12,0,2.51,clear sky
489,Vancouver,CA,2022-09-03 02:05:00,49.2497,-123.1193,76.96,65,33,4.0,scattered clouds
490,Saint-Pierre,RE,2022-09-03 02:09:42,-21.3393,55.4781,66.9,77,75,8.05,broken clouds
491,Mandera,KE,2022-09-03 02:09:42,3.9366,41.867,72.86,59,39,14.36,scattered clouds
492,Sapouy,BF,2022-09-03 02:09:43,11.5544,-1.7736,71.85,94,100,1.59,moderate rain
493,Isangel,VU,2022-09-03 02:09:44,-19.55,169.2667,77.76,58,99,11.18,overcast clouds
494,Bousse,BF,2022-09-03 02:09:44,12.6606,-1.8922,71.19,93,100,2.62,moderate rain
495,Rosarito,MX,2022-09-03 02:07:27,32.3333,-117.0333,86.23,68,4,4.38,clear sky
496,Zalantun,CN,2022-09-03 02:09:44,48.0,122.7167,82.02,26,92,6.8,overcast clouds
497,Okha,RU,2022-09-03 02:09:45,53.5739,142.9478,65.08,65,9,13.73,clear sky
498,Fujin,CN,2022-09-03 02:09:45,47.26,132.0322,72.72,52,7,6.69,clear sky
499,Bogande,BF,2022-09-03 02:09:45,12.9714,-0.1436,71.73,94,100,6.08,overcast clouds
500,Hambantota,LK,2022-09-03 02:10:47,6.1241,81.1185,79.36,78,96,14.52,overcast clouds
501,Ossora,RU,2022-09-03 02:10:47,59.2353,163.0719,62.87,69,13,3.8,few clouds
502,Caucaia,BR,2022-09-03 02:10:47,-3.7361,-38.6531,79.03,77,75,19.57,broken clouds
503,Cairns,AU,2022-09-03 02:10:48,-16.9167,145.7667,82.11,74,75,8.05,broken clouds
504,Nioro,GM,2022-09-03 02:10:48,13.35,-15.75,72.0,96,100,6.78,overcast clouds
505,Svetlaya,RU,2022-09-03 02:10:48,46.5389,138.3297,69.87,51,0,5.44,clear sky
506,Taltal,CL,2022-09-03 02:10:49,-25.4,-70.4833,61.12,51,0,5.17,clear sky
507,Kushiro,JP,2022-09-03 02:10:49,42.975,144.3747,67.14,74,99,5.39,overcast clouds
508,Kharsawan,IN,2022-09-03 02:10:49,22.8,85.8333,80.24,86,100,3.42,overcast clouds
509,Guayaramerin,BO,2022-09-03 02:10:49,-10.8368,-65.3614,77.11,34,55,1.05,broken clouds
510,Mackay,AU,2022-09-03 02:10:50,-21.15,149.2,71.69,64,64,12.21,broken clouds
511,Ambam,CM,2022-09-03 02:10:50,2.3833,11.2833,65.66,99,70,2.8,broken clouds
512,Boende,CD,2022-09-03 02:10:50,-0.2167,20.8667,67.28,97,100,1.5,overcast clouds
513,Coahuayana,MX,2022-09-03 02:10:51,18.7333,-103.6833,80.37,86,99,2.66,overcast clouds
514,Harbour Breton,CA,2022-09-03 02:10:51,47.4833,-55.7983,64.62,87,0,3.33,clear sky
515,Bang Saphan,TH,2022-09-03 02:10:51,11.2126,99.5117,84.27,74,99,4.63,overcast clouds
516,Timbiqui,CO,2022-09-03 02:10:52,2.7717,-77.6654,75.54,94,99,2.13,light rain
517,Carhuamayo,PE,2022-09-03 02:10:52,-10.9167,-76.0333,35.6,82,74,2.98,broken clouds
518,Sagua La Grande,CU,2022-09-03 02:10:52,22.8067,-80.0756,79.79,81,33,7.96,scattered clouds
519,Bitung,ID,2022-09-03 02:10:53,1.4451,125.1824,85.05,70,99,8.41,overcast clouds
520,Piacabucu,BR,2022-09-03 02:10:53,-10.4056,-36.4344,72.27,86,61,8.93,broken clouds
521,Makokou,GA,2022-09-03 02:10:53,0.5738,12.8642,68.45,98,100,2.93,overcast clouds
522,Tias,ES,2022-09-03 02:10:53,28.9611,-13.645,71.28,83,20,6.91,few clouds
523,Uglovskoye,RU,2022-09-03 02:10:54,51.3557,80.1942,63.1,67,90,7.4,overcast clouds
524,Huarmey,PE,2022-09-03 02:10:54,-10.0681,-78.1522,62.01,80,46,9.33,scattered clouds
525,Sur,OM,2022-09-03 02:10:54,22.5667,59.5289,80.35,70,2,9.35,clear sky
526,Buloh Kasap,MY,2022-09-03 02:10:54,2.5536,102.764,81.75,81,54,5.14,broken clouds
527,Mandalgovi,MN,2022-09-03 02:10:55,45.7625,106.2708,62.1,46,54,7.25,broken clouds
528,Portland,US,2022-09-03 02:07:39,45.5234,-122.6762,84.87,51,100,5.99,smoke
529,Kaili,ID,2022-09-03 02:10:55,-3.4626,120.2147,78.94,66,86,4.07,overcast clouds
530,Tuatapere,NZ,2022-09-03 02:10:56,-46.1333,167.6833,45.64,77,84,16.89,broken clouds
531,Sorland,NO,2022-09-03 02:10:56,67.667,12.6934,51.66,63,31,8.05,scattered clouds
532,Birao,CF,2022-09-03 02:10:56,10.2849,22.7882,70.07,99,100,4.88,overcast clouds
533,Aranos,NA,2022-09-03 02:10:58,-24.1333,19.1167,61.54,27,1,8.23,clear sky
534,Carlagan,PH,2022-09-03 02:10:58,14.975,122.0456,83.88,75,100,15.43,heavy intensity rain
535,Koltsovo,RU,2022-09-03 02:10:58,54.9376,83.1825,49.37,58,50,7.14,scattered clouds
536,Krasnoselkup,RU,2022-09-03 02:10:58,65.7,82.4667,45.48,63,100,7.92,overcast clouds
537,Beya,RU,2022-09-03 02:10:59,53.0533,90.9139,49.3,77,100,3.0,overcast clouds
538,Seymchan,RU,2022-09-03 02:10:59,62.8833,152.4333,63.09,38,100,2.93,overcast clouds
539,Troitskoye,RU,2022-09-03 02:10:59,52.9821,84.6757,53.8,67,6,5.21,clear sky
540,Goulburn,AU,2022-09-03 02:11:00,-34.75,149.7167,50.14,57,94,15.75,overcast clouds
541,Hoyanger,NO,2022-09-03 02:12:01,61.2204,6.0749,53.55,87,97,1.36,overcast clouds
542,Concepcion Del Oro,MX,2022-09-03 02:12:01,24.6333,-101.4167,70.68,47,89,13.78,overcast clouds
543,North Bend,US,2022-09-03 02:12:02,43.4065,-124.2243,64.24,90,100,5.75,overcast clouds
544,Tokoroa,NZ,2022-09-03 02:12:02,-38.2333,175.8667,55.94,76,100,10.0,moderate rain
545,Chiredzi,ZW,2022-09-03 02:12:02,-21.05,31.6667,53.92,64,0,1.59,clear sky
546,Kiama,AU,2022-09-03 02:12:02,-34.6833,150.8667,58.48,88,100,3.0,overcast clouds
547,Suhut,TR,2022-09-03 02:12:03,38.5311,30.5458,66.25,59,0,2.39,clear sky
548,Diego De Almagro,CL,2022-09-03 02:12:03,-26.3667,-70.05,52.83,34,0,0.89,clear sky
549,Labuhan,ID,2022-09-03 02:12:03,-6.8844,112.2051,85.78,58,29,9.26,scattered clouds
550,Rudnyy,KZ,2022-09-03 02:12:04,52.9594,63.1206,70.03,48,64,6.58,broken clouds
551,Reyes,BO,2022-09-03 02:12:04,-14.3167,-67.3833,75.16,69,72,5.59,broken clouds
552,Jaru,BR,2022-09-03 02:12:04,-10.4389,-62.4664,85.14,28,26,2.28,scattered clouds
553,Milton,US,2022-09-03 02:07:27,34.1322,-84.3007,76.01,93,100,4.45,overcast clouds
554,West Des Moines,US,2022-09-03 02:10:49,41.572,-93.7453,83.34,70,20,8.05,few clouds
555,Nhulunbuy,AU,2022-09-03 02:12:05,-12.2333,136.7667,77.61,73,100,17.27,overcast clouds
556,Kargil,IN,2022-09-03 02:12:05,34.5667,76.1,57.96,48,87,3.83,overcast clouds
557,Soderhamn,SE,2022-09-03 02:12:06,61.3037,17.0592,43.95,72,100,3.89,overcast clouds
558,Bubaque,GW,2022-09-03 02:12:07,11.2833,-15.8333,78.06,80,99,6.91,moderate rain
559,Atikokan,CA,2022-09-03 02:12:07,48.7555,-91.6216,59.09,58,42,8.72,scattered clouds
560,Sokolo,ML,2022-09-03 02:12:07,14.7328,-6.1219,71.62,86,100,20.27,overcast clouds
561,Mahuva,IN,2022-09-03 02:12:08,21.0914,71.7622,81.88,84,3,6.06,clear sky
562,Barmer,IN,2022-09-03 02:12:08,25.75,71.3833,82.31,69,62,8.48,broken clouds
563,San Ramon,US,2022-09-03 02:10:32,37.7799,-121.978,86.83,59,0,10.36,clear sky
564,Mayo,US,2022-09-03 02:12:08,38.8876,-76.5119,77.95,76,66,1.01,broken clouds
565,Rumford,US,2022-09-03 02:07:17,44.5537,-70.5509,58.3,91,1,2.21,clear sky
566,Komatipoort,ZA,2022-09-03 02:12:09,-25.4332,31.9548,59.67,51,0,5.1,clear sky
567,Khani,GE,2022-09-03 02:12:09,41.9563,42.9566,65.77,39,54,6.87,broken clouds
568,Urk,NL,2022-09-03 02:12:09,52.6625,5.6014,62.96,62,67,14.72,broken clouds
569,Swan Hill,AU,2022-09-03 02:12:09,-35.3378,143.5544,58.35,47,3,14.79,clear sky
570,Ponta Delgada,PT,2022-09-03 02:12:10,37.7333,-25.6667,71.51,83,20,5.75,few clouds
571,Deniliquin,AU,2022-09-03 02:12:10,-35.5333,144.9667,56.97,44,0,10.18,clear sky
572,Nouadhibou,MR,2022-09-03 02:12:10,20.931,-17.0347,80.58,74,84,5.75,broken clouds
573,Aitape,PG,2022-09-03 02:12:11,-3.1374,142.3475,86.2,64,18,7.18,few clouds
574,Hovd,MN,2022-09-03 02:12:11,48.0056,91.6419,65.23,30,40,0.78,scattered clouds
575,Sarakhs,IR,2022-09-03 02:12:13,36.5449,61.1577,73.18,14,0,7.29,clear sky
576,Merauke,ID,2022-09-03 02:12:13,-8.4667,140.3333,82.47,72,27,10.27,scattered clouds
577,Gerash,IR,2022-09-03 02:12:13,27.6652,54.1371,81.7,55,99,1.97,overcast clouds
578,Nurota,UZ,2022-09-03 02:12:14,40.5614,65.6886,72.86,18,0,6.71,clear sky
579,Armidale,AU,2022-09-03 02:11:31,-30.5167,151.65,45.0,94,100,6.82,light rain
580,Manuk Mangkaw,PH,2022-09-03 02:12:14,4.8,119.85,83.52,72,100,5.19,overcast clouds
581,Olinda,BR,2022-09-03 02:12:14,-8.0089,-34.8553,76.73,69,75,11.5,broken clouds
582,Tagusao,PH,2022-09-03 02:12:15,9.1924,117.8141,85.3,72,99,5.88,overcast clouds
583,The Valley,AI,2022-09-03 02:12:15,18.217,-63.0578,82.26,79,72,19.39,broken clouds
584,Palembang,ID,2022-09-03 02:12:15,-2.9167,104.7458,78.89,89,40,3.44,scattered clouds
585,Qandala,SO,2022-09-03 02:12:16,11.472,49.8728,85.35,65,37,3.31,scattered clouds
586,Beidao,CN,2022-09-03 02:12:16,34.5686,105.8933,60.93,92,100,5.93,overcast clouds
587,Vostok,RU,2022-09-03 02:13:17,46.4856,135.8833,70.29,44,0,2.75,clear sky
588,Fare,PF,2022-09-03 02:13:18,-16.7,-151.0167,78.71,67,0,20.36,clear sky
589,Vila Velha,BR,2022-09-03 02:13:08,-20.3297,-40.2925,71.55,77,40,5.75,scattered clouds
590,Karasjok,NO,2022-09-03 02:13:18,69.4719,25.5112,40.62,89,100,7.9,overcast clouds
591,Aldan,RU,2022-09-03 02:13:18,58.6031,125.3894,48.51,55,11,8.23,few clouds
592,Benalla,AU,2022-09-03 02:13:18,-36.55,145.9833,55.85,51,0,4.09,clear sky
593,Charleston,US,2022-09-03 02:11:33,32.7766,-79.9309,79.02,93,0,5.75,clear sky
594,Nizhniy Kuranakh,RU,2022-09-03 02:13:19,58.8353,125.4869,51.6,55,11,6.13,few clouds
595,Tebingtinggi,ID,2022-09-03 02:13:19,3.3285,99.1625,76.78,89,100,2.66,overcast clouds
596,Broken Hill,AU,2022-09-03 02:12:18,-31.95,141.4333,53.29,38,0,23.11,clear sky
597,Dhidhdhoo,MV,2022-09-03 02:13:19,6.8833,73.1,80.65,80,37,18.41,scattered clouds
598,Atambua,ID,2022-09-03 02:13:20,-9.1061,124.8925,85.06,50,1,3.29,clear sky
599,Bereda,ES,2022-09-03 02:13:20,43.2686,-7.5406,51.42,100,20,1.32,few clouds
600,Parkes,AU,2022-09-03 02:13:20,-33.1333,148.1833,61.36,47,87,1.99,overcast clouds
601,Yeppoon,AU,2022-09-03 02:13:21,-23.1333,150.7333,69.58,77,100,12.48,overcast clouds
602,Isiro,CD,2022-09-03 02:13:21,2.7739,27.616,62.08,99,100,2.55,overcast clouds
603,Chibombo,ZM,2022-09-03 02:13:21,-14.6569,28.0706,60.08,50,99,5.99,overcast clouds
604,Poum,NC,2022-09-03 02:13:22,-20.2333,164.0167,75.47,68,74,21.23,broken clouds
605,Ternate,ID,2022-09-03 02:13:22,0.8,127.4,83.88,71,80,1.05,broken clouds
606,Kathmandu,NP,2022-09-03 02:12:06,27.7167,85.3167,71.82,94,75,2.3,broken clouds
607,Eucaliptus,BO,2022-09-03 02:13:23,-17.5833,-67.5167,44.89,67,96,12.93,overcast clouds
608,Aykhal,RU,2022-09-03 02:13:24,66.0,111.5,35.26,99,100,15.93,light snow
609,Sangar,RU,2022-09-03 02:13:24,63.9242,127.4739,48.31,72,33,8.01,scattered clouds
610,Nipawin,CA,2022-09-03 02:13:24,53.3668,-104.0009,60.84,63,0,5.75,clear sky
611,Yanam,IN,2022-09-03 02:13:24,16.7333,82.2167,84.02,76,13,1.52,few clouds
612,Meulaboh,ID,2022-09-03 02:13:25,4.1363,96.1285,77.47,84,100,3.44,overcast clouds
613,Longview,US,2022-09-03 02:13:25,32.5007,-94.7405,80.85,85,40,6.91,scattered clouds
614,Uvat,RU,2022-09-03 02:13:25,59.1433,68.8953,57.29,92,100,4.99,overcast clouds
615,Kampot,KH,2022-09-03 02:13:26,10.6167,104.1833,86.05,72,100,4.99,overcast clouds
616,Bojnurd,IR,2022-09-03 02:13:26,37.4747,57.329,53.55,32,0,4.61,clear sky
617,Sivaki,RU,2022-09-03 02:12:13,52.6333,126.75,64.31,63,70,6.87,broken clouds
618,Fereydunshahr,IR,2022-09-03 02:13:26,32.941,50.121,54.63,21,0,4.56,clear sky
619,San Cristobal,VE,2022-09-03 02:13:27,7.7669,-72.225,69.98,98,66,1.9,broken clouds
620,Skjervoy,NO,2022-09-03 02:13:27,70.0311,20.9714,46.4,73,52,5.82,broken clouds
621,Xixiang,CN,2022-09-03 02:13:27,35.1628,112.865,77.67,57,100,0.51,moderate rain
622,College,US,2022-09-03 02:13:27,64.8569,-147.8028,63.59,56,75,6.91,broken clouds
623,Marienburg,PL,2022-09-03 02:13:28,54.0359,19.0266,52.57,74,21,6.08,few clouds
624,College Place,US,2022-09-03 02:13:28,46.0493,-118.3883,99.55,34,0,9.22,clear sky
625,Zhanaozen,KZ,2022-09-03 02:13:29,43.3,52.8,79.59,15,0,10.04,clear sky
626,Ahipara,NZ,2022-09-03 02:13:29,-35.1667,173.1667,60.3,68,100,11.48,overcast clouds
627,Tskaltubo,GE,2022-09-03 02:13:29,42.3254,42.5979,72.54,94,0,1.14,clear sky
628,Gagarin,RU,2022-09-03 02:13:29,55.5529,34.9954,36.48,95,8,6.85,clear sky
629,Sanchor,IN,2022-09-03 02:13:30,24.7553,71.7722,83.53,67,22,5.86,few clouds
630,Wels,AT,2022-09-03 02:13:30,48.1667,14.0333,54.88,87,56,2.3,broken clouds
631,Muzhi,RU,2022-09-03 02:13:30,65.3667,64.6667,46.36,97,100,12.41,overcast clouds
632,Tevriz,RU,2022-09-03 02:13:31,57.509,72.4042,60.33,67,100,8.99,overcast clouds
633,Naryan-Mar,RU,2022-09-03 02:13:31,67.6713,53.087,40.33,96,100,18.75,light rain
634,Ereymentau,KZ,2022-09-03 02:14:32,51.6199,73.1033,73.83,32,87,8.34,overcast clouds
635,Port Shepstone,ZA,2022-09-03 02:14:33,-30.7414,30.455,66.94,85,60,26.62,broken clouds
636,Makinsk,KZ,2022-09-03 02:14:33,52.6292,70.4169,69.76,34,10,9.4,clear sky
637,Jibuti,DJ,2022-09-03 02:14:33,11.5,42.5,79.92,71,38,7.4,scattered clouds
638,Masumbwe,TZ,2022-09-03 02:14:33,-3.6333,32.1833,70.48,49,100,5.5,overcast clouds
639,Ginda,IN,2022-09-03 02:14:34,30.6945,78.4932,66.42,91,96,0.85,overcast clouds
640,Korem,ET,2022-09-03 02:14:34,12.5058,39.5228,56.14,71,98,2.15,overcast clouds
641,Muros,ES,2022-09-03 02:14:34,42.7762,-9.0603,53.83,91,2,4.18,clear sky
642,Rapla,EE,2022-09-03 02:14:35,59.0072,24.7928,49.71,68,95,3.49,overcast clouds
643,Mitsamiouli,KM,2022-09-03 02:14:35,-11.3847,43.2844,73.49,77,0,1.45,clear sky
644,Nerchinskiy Zavod,RU,2022-09-03 02:14:35,51.3088,119.61,72.14,34,78,6.89,broken clouds
645,Destin,US,2022-09-03 02:14:35,30.3935,-86.4958,85.96,77,0,9.22,clear sky
646,Hualmay,PE,2022-09-03 02:14:36,-11.0964,-77.6139,60.73,79,18,7.99,few clouds
647,Appingedam,NL,2022-09-03 02:14:36,53.3217,6.8583,60.98,68,91,4.0,overcast clouds
648,Homer,US,2022-09-03 02:14:36,59.6425,-151.5483,57.09,75,75,6.91,broken clouds
649,Elat,IL,2022-09-03 02:14:37,29.5581,34.9482,85.84,54,0,10.36,clear sky
650,Wuwei,CN,2022-09-03 02:14:37,37.9281,102.6414,71.76,23,99,9.78,overcast clouds
651,Pacora,PA,2022-09-03 02:14:37,9.0833,-79.2833,79.21,94,40,2.3,scattered clouds
652,Fort Nelson,CA,2022-09-03 02:14:39,58.8053,-122.7002,71.19,49,75,3.44,broken clouds
653,Mkokotoni,TZ,2022-09-03 02:14:39,-5.8767,39.2547,72.63,83,87,8.08,light rain
654,Alexandria,EG,2022-09-03 02:14:39,31.2156,29.9553,73.94,70,0,7.78,clear sky
655,Namatanai,PG,2022-09-03 02:14:39,-3.6667,152.4333,85.15,61,4,9.33,clear sky
656,Shitkino,RU,2022-09-03 02:14:40,56.3703,98.3543,43.16,89,94,10.4,overcast clouds
657,Morant Bay,JM,2022-09-03 02:14:40,17.8815,-76.4093,80.22,81,60,7.7,broken clouds
658,Alenquer,BR,2022-09-03 02:14:40,-1.9417,-54.7383,81.03,64,98,3.47,overcast clouds
659,Gwadar,PK,2022-09-03 02:14:40,25.1216,62.3254,78.91,84,71,6.2,broken clouds
660,Lulea,SE,2022-09-03 02:14:29,65.5842,22.1547,46.47,76,75,10.36,broken clouds
661,Oum Hadjer,TD,2022-09-03 02:14:41,13.2954,19.6966,77.94,79,100,10.38,overcast clouds
662,Wamba,NG,2022-09-03 02:14:41,8.9333,8.6,67.26,96,96,2.71,overcast clouds
663,Rodrigues Alves,BR,2022-09-03 02:14:41,-7.738,-72.6509,80.65,45,32,0.67,scattered clouds
664,Dawei,MM,2022-09-03 02:14:42,14.0833,98.2,82.09,85,100,0.72,overcast clouds
665,Seminole,US,2022-09-03 02:14:42,28.7086,-81.2081,82.11,87,0,1.01,clear sky
666,Chizhou,CN,2022-09-03 02:14:42,30.6578,117.4831,74.19,67,76,8.16,broken clouds
667,Winnemucca,US,2022-09-03 02:14:43,40.973,-117.7357,93.25,10,0,6.91,clear sky
668,Port Macquarie,AU,2022-09-03 02:14:43,-31.4333,152.9167,57.09,94,75,14.97,light rain
669,Mahon,ES,2022-09-03 02:14:43,39.8885,4.2658,75.76,88,0,2.3,clear sky
670,Bindura,ZW,2022-09-03 02:14:45,-17.3019,31.3306,53.13,70,97,0.85,overcast clouds
671,Salinas,US,2022-09-03 02:14:45,36.6777,-121.6555,74.41,66,0,14.97,clear sky
672,Kupang,ID,2022-09-03 02:14:45,-10.1667,123.5833,86.81,58,3,8.84,clear sky
673,Dicabisagan,PH,2022-09-03 02:14:45,17.0818,122.4157,82.15,75,100,4.54,overcast clouds
674,Curvelo,BR,2022-09-03 02:14:46,-18.7564,-44.4308,64.6,36,0,2.64,clear sky
675,Constantine,DZ,2022-09-03 02:14:46,36.365,6.6147,74.61,43,0,2.3,clear sky
676,Kilindoni,TZ,2022-09-03 02:14:46,-7.9139,39.6668,74.71,75,41,13.8,scattered clouds
677,Umm Lajj,SA,2022-09-03 02:14:47,25.0213,37.2685,83.66,80,97,3.76,overcast clouds
678,Solok,ID,2022-09-03 02:14:47,-0.7918,100.6593,72.55,98,100,4.34,overcast clouds
679,Medvedovskaya,RU,2022-09-03 02:14:47,45.4531,39.0258,69.17,43,2,14.43,clear sky
680,Toora-Khem,RU,2022-09-03 02:15:49,52.4675,96.11,50.86,65,38,11.88,scattered clouds
681,Chingirlau,KZ,2022-09-03 02:15:49,51.095,54.0814,60.04,51,0,7.87,clear sky
682,Caaguazu,PY,2022-09-03 02:15:49,-25.45,-56.0167,59.86,85,100,8.99,overcast clouds
683,Whitehorse,CA,2022-09-03 02:13:46,60.7161,-135.0538,57.97,59,100,18.41,overcast clouds
684,Salym,RU,2022-09-03 02:15:50,60.0625,71.4789,53.55,80,100,9.75,overcast clouds
685,Brigantine,US,2022-09-03 02:15:50,39.4101,-74.3646,74.01,81,0,4.0,clear sky
686,Hami,CN,2022-09-03 02:15:50,42.8,93.45,78.19,15,6,4.41,clear sky
687,Kerman,IR,2022-09-03 02:15:50,30.2832,57.0788,51.66,24,0,4.61,clear sky
688,Leo,BF,2022-09-03 02:14:56,11.1,-2.1,71.06,94,100,3.71,light rain
689,Muskegon,US,2022-09-03 02:15:36,43.3,-86.1334,75.06,78,75,4.61,broken clouds
690,Peniche,PT,2022-09-03 02:15:51,39.3558,-9.3811,65.28,90,100,11.27,overcast clouds
691,Pochutla,MX,2022-09-03 02:15:51,15.7432,-96.4661,76.82,93,100,3.29,overcast clouds
